name,stop,synonymous,nonsynonymous
lib1-virus-231024,2.2430412490543543e-05,0.0006013531940646568,0.00163523871862878
lib2-virus-231024,1.268024290179375e-05,0.0005853458424712291,0.0015301413483113616
lib3-virus-231024,2.704094354247589e-05,0.0006201904784665756,0.0016211174420112115
wt-virus-231024,2.0789704619307187e-05,9.905012693965808e-05,0.00022823108605359973
lib1-plasmid-231024,0.0010570047673717235,0.0006884602907155179,0.01169026970246492
lib2-plasmid-231024,0.001205739831402157,0.0006858425686910053,0.01161338948948366
lib3-plasmid-231024,0.0012440753075032456,0.0007228557156499975,0.011981035763657666
wt-plasmid-231024,3.29670515245646e-05,8.656604398098366e-05,0.00027497017362916354
