name,stop,synonymous,nonsynonymous
lib1-virus-231024,1.7477935819550936e-05,0.0006404170264861227,0.0021741670919059874
lib2-virus-231024,6.677748387858797e-05,0.0007497680170979254,0.0024691414880786615
lib3-virus-231024,3.884663358918541e-05,0.0006772526043759254,0.002310783125456189
wt-virus-231024,3.3913733887882565e-05,0.00012533336436826165,0.00023955524139126987
lib1-plasmid-231024,0.001116580060047788,0.000752232538288042,0.01066414334896266
lib2-plasmid-231024,0.0012102543178928267,0.0009303075729279428,0.011009138055614449
lib3-plasmid-231024,0.0011645147617935627,0.0008707813976088603,0.010943075245168505
wt-plasmid-231024,4.506406699506364e-05,0.00010145122275889706,0.00020399822830186861
