name,stop,synonymous,nonsynonymous
lib1-virus-231024,1.0349964710973124e-05,0.00047411543954051184,0.0017587201717281621
lib2-virus-231024,1.914844243043101e-05,0.0004908071630886232,0.0017612549880241892
wt-virus-231024,5.4230452218378786e-05,0.0001317340708203778,0.0002856814294793912
lib1-plasmid-231024,0.0010957301529107217,0.0004898804864971393,0.0073683530728594114
lib2-plasmid-231024,0.001163888152649176,0.000468725481105737,0.007377817582755911
wt-plasmid-231024,3.2709096623150095e-05,5.999326990392407e-05,0.00015386571793621663
